{"cameraMode":{"drawMode":0,"name":"Shaded","section":"Shading Mode"},"sceneLighting":true,"audioPlay":false,"sceneViewState":{"showFog":true,"showMaterialUpdate":false,"showSkybox":true,"showFlares":true,"showImageEffects":true,"showParticleSystems":true},"in2DMode":false,"pivot":{"x":7.9081501960754398,"y":0.7870156168937683,"z":2.7253684997558595},"rotation":{"x":-0.04713394492864609,"y":-0.6221292614936829,"z":0.037566181272268298,"w":-0.7805987000465393},"size":3.801483392715454,"orthographic":false}